City_ID,City,Lat,Lng,Max Temp,Humidity,Cloudiness,Wind Speed,Country,Date
0,ushuaia,-54.8,-68.3,6.79,70,40,2.06,AR,1670291287
1,atuona,-9.8,-139.0333,25.39,74,36,6.43,PF,1670291423
2,mar del plata,-38.0023,-57.5575,23.01,74,0,7.6,AR,1670291139
3,port alfred,-33.5906,26.891,13.43,94,100,0.89,ZA,1670291424
4,minab,27.1467,57.0801,22.15,59,99,1.55,IR,1670291425
5,dingle,10.9995,122.6711,28.07,75,29,6.3,PH,1670291427
6,hermanus,-34.4187,19.2345,14.92,72,58,2.53,ZA,1670291433
7,cherskiy,68.75,161.3,-22.41,90,100,2.27,RU,1670291433
8,qaanaaq,77.484,-69.3632,0.54,71,100,6.41,GL,1670291435
9,alofi,-19.0595,-169.9187,28.94,70,75,3.09,NU,1670291438
10,castro,-24.7911,-50.0119,18.81,95,97,1.15,BR,1670291439
11,mapiripan,2.8892,-72.1256,23.98,81,22,2.14,CO,1670291442
12,mataura,-46.1927,168.8643,10.27,38,21,2.63,NZ,1670291443
13,vaini,-21.2,-175.2,29.09,79,75,4.63,TO,1670291443
14,ginir,7.1333,40.7,12.27,39,59,2.03,ET,1670291443
15,busselton,-33.65,115.3333,20.98,40,0,4.87,AU,1670291447
16,dikson,73.5069,80.5464,-5.54,96,100,5.27,RU,1670291399
17,provideniya,64.3833,-173.3,0.2,93,100,15.2,RU,1670291447
18,nikolskoye,59.7035,30.7861,-6.06,87,100,3.79,RU,1670291447
19,itarema,-2.9248,-39.9167,26.27,78,9,7.55,BR,1670291448
20,cape town,-33.9258,18.4232,17.17,73,0,3.6,ZA,1670291282
21,lebu,-37.6167,-73.65,14.38,89,1,1.15,CL,1670291448
22,parakan,-6.4191,106.0081,25.22,88,100,0.66,ID,1670291448
23,san patricio,28.017,-97.5169,22.69,86,29,5.62,US,1670291449
24,bredasdorp,-34.5322,20.0403,13.47,74,99,1.12,ZA,1670291449
25,axim,4.8699,-2.2405,25.81,87,63,2.29,GH,1670291452
26,kapaa,22.0752,-159.319,26.18,88,100,6.17,US,1670291453
27,albany,42.6001,-73.9662,3.66,55,96,0.45,US,1670291453
28,punta arenas,-53.15,-70.9167,6.06,56,40,6.69,CL,1670291239
29,vao,-22.6667,167.4833,25.54,86,81,4.66,NC,1670291453
30,aksu,41.1231,80.2644,-4.17,34,100,1.1,CN,1670291454
31,salalah,17.0151,54.0924,21.85,68,7,2.03,OM,1670291454
32,broome,42.2506,-75.833,3.16,67,0,5.14,US,1670291454
33,tura,25.5198,90.2201,18.33,75,0,1.16,IN,1670291455
34,fortuna,40.5982,-124.1573,8.32,92,0,1.54,US,1670291455
35,katsuura,35.1333,140.3,8.98,91,100,8.73,JP,1670291240
36,codrington,-38.2667,141.9667,16.66,58,36,3.86,AU,1670291456
37,geraldton,-28.7667,114.6,25.23,53,0,7.72,AU,1670291456
38,upernavik,72.7868,-56.1549,-2.59,63,63,4.69,GL,1670291456
39,tuktoyaktuk,69.4541,-133.0374,-27.0,63,75,10.8,CA,1670291456
40,khatanga,71.9667,102.5,-25.17,89,100,4.67,RU,1670291457
41,ilulissat,69.2167,-51.1,-2.7,67,53,5.5,GL,1670291457
42,riviere-du-loup,47.8304,-69.5342,3.15,52,98,3.09,CA,1670291461
43,carnarvon,-24.8667,113.6333,23.14,62,38,7.21,AU,1670291461
44,tomatlan,19.9333,-105.25,22.49,89,5,0.55,MX,1670291311
45,nanortalik,60.1432,-45.2371,1.91,78,100,6.76,GL,1670291461
46,qasigiannguit,68.8193,-51.1922,-2.46,70,70,4.83,GL,1670291462
47,corowa,-36.0333,146.3833,24.76,49,17,2.83,AU,1670291462
48,norman wells,65.282,-126.8329,-27.98,76,20,5.14,CA,1670291462
49,charters towers,-20.1,146.2667,33.57,23,0,0.98,AU,1670291463
50,hami,42.8,93.45,-5.0,41,100,1.82,CN,1670291463
51,vostok,46.4856,135.8833,-13.56,78,71,3.63,RU,1670291463
52,tasiilaq,65.6145,-37.6368,-9.15,58,8,1.87,GL,1670291464
53,tezu,27.9167,96.1667,20.05,35,0,0.55,IN,1670291464
54,kodiak,57.79,-152.4072,0.73,93,40,2.57,US,1670291464
55,tottori,35.5,134.2333,10.04,50,75,4.12,JP,1670291358
56,hilo,19.7297,-155.09,26.85,76,20,3.6,US,1670291465
57,longyearbyen,78.2186,15.6401,-20.98,91,32,3.71,SJ,1670291465
58,humaita,-7.5061,-63.0208,22.34,99,100,0.93,BR,1670291465
59,mount isa,-20.7333,139.5,36.87,15,0,3.6,AU,1670291321
60,puerto escondido,15.85,-97.0667,25.07,67,0,1.63,MX,1670291469
61,gold coast,-28.0,153.4333,35.13,39,0,5.66,AU,1670291424
62,popondetta,-8.7537,148.2534,30.03,67,96,1.89,PG,1670291469
63,comagascas,9.1397,125.5597,29.2,68,97,0.85,PH,1670291472
64,esmeraldas,-19.7625,-44.3139,21.48,92,100,1.88,BR,1670291473
65,chivay,-15.6383,-71.6011,5.63,86,100,1.65,PE,1670291473
66,vila franca do campo,37.7167,-25.4333,17.23,83,61,3.46,PT,1670291473
67,puerto ayora,-0.7393,-90.3518,20.86,95,22,2.68,EC,1670291477
68,campo formoso,-10.5075,-40.3214,19.59,96,70,3.24,BR,1670291477
69,mauriti,-7.3892,-38.7744,22.92,79,46,1.05,BR,1670291477
70,bluff,-46.6,168.3333,10.45,56,9,4.26,NZ,1670291478
71,lompoc,34.6391,-120.4579,13.23,89,0,2.57,US,1670291315
72,general roca,-39.0333,-67.5833,27.01,33,0,8.15,AR,1670291478
73,huarmey,-10.0681,-78.1522,19.0,86,43,3.21,PE,1670291479
74,riyadh,24.6877,46.7219,20.08,43,6,4.12,SA,1670291182
75,anito,12.4497,125.2886,28.37,73,59,3.8,PH,1670291479
76,lubu,23.1742,112.2809,12.6,64,3,1.38,CN,1670291482
77,starosubkhangulovo,53.1031,57.4423,-19.21,97,13,1.57,RU,1670291483
78,anadyr,64.75,177.4833,-0.72,100,100,23.0,RU,1670291483
79,kaitangata,-46.2817,169.8464,14.39,45,37,6.01,NZ,1670291483
80,sakaiminato,35.55,133.2333,9.96,66,75,4.63,JP,1670291484
81,rikitea,-23.1203,-134.9692,24.1,81,100,5.93,PF,1670291484
82,luderitz,-26.6481,15.1594,14.55,75,49,7.88,NA,1670291485
83,hithadhoo,-0.6,73.0833,27.35,74,100,4.0,MV,1670291485
84,margate,51.3813,1.3862,7.61,84,96,1.34,GB,1670291485
85,svetlogorsk,52.6333,29.7333,-8.89,90,93,4.23,BY,1670291485
86,dunedin,-45.8742,170.5036,11.56,74,100,3.58,NZ,1670291486
87,jamestown,42.097,-79.2353,6.77,42,0,4.12,US,1670291467
88,beira,-19.8436,34.8389,25.05,100,20,1.54,MZ,1670291486
89,chokurdakh,70.6333,147.9167,-40.34,100,40,1.57,RU,1670291236
90,springfield,37.2153,-93.2982,9.43,88,100,2.06,US,1670291298
91,avarua,-21.2078,-159.775,25.03,83,100,3.09,CK,1670291487
92,ribeira grande,38.5167,-28.7,15.43,84,100,8.94,PT,1670291491
93,butaritari,3.0707,172.7902,27.07,81,100,6.85,KI,1670291491
94,warrnambool,-38.3833,142.4833,15.67,66,62,3.25,AU,1670291491
95,poronaysk,49.2167,143.1167,-5.77,65,31,6.19,RU,1670291373
96,roros,62.5747,11.3842,-8.09,86,100,5.14,NO,1670291492
97,kavaratti,10.5669,72.642,27.8,67,91,1.84,IN,1670291492
98,ola,59.5833,151.2833,-22.71,90,29,3.07,RU,1670291492
99,zheleznodorozhnyy,55.7503,38.0042,-9.76,85,100,2.97,RU,1670291493
100,iqaluit,63.7506,-68.5145,-13.15,78,100,1.03,CA,1670291493
101,ukiah,39.1502,-123.2078,9.94,85,40,2.57,US,1670291493
102,banda aceh,5.5577,95.3222,25.83,79,98,2.05,ID,1670291494
103,sao joao da barra,-21.6403,-41.0511,23.57,85,100,10.12,BR,1670291494
104,koslan,63.4564,48.8989,-13.26,96,75,2.86,RU,1670291494
105,blythe,33.6103,-114.5964,18.25,34,0,3.6,US,1670291494
106,hobart,-42.8794,147.3294,16.26,57,75,8.23,AU,1670291409
107,biryusinsk,55.9634,97.8235,-14.29,79,96,6.41,RU,1670291495
108,chapais,49.7834,-74.8492,-9.12,97,100,2.16,CA,1670291495
109,goderich,43.7501,-81.7165,5.18,45,100,5.14,CA,1670291495
110,gamba,-2.65,10.0,25.12,85,100,2.87,GA,1670291499
111,nynashamn,58.9034,17.9479,-2.13,78,100,3.34,SE,1670291499
112,acapulco,16.8634,-99.8901,25.42,79,0,2.23,MX,1670291334
113,vila,42.0304,-8.1588,4.49,92,88,1.09,PT,1670291502
114,sitka,57.0531,-135.33,2.94,87,100,1.54,US,1670291332
115,mahebourg,-20.4081,57.7,23.16,88,75,2.57,MU,1670291503
116,viedma,-40.8135,-62.9967,25.11,44,100,5.37,AR,1670291503
117,quatre cocos,-20.2078,57.7625,23.06,80,66,7.0,MU,1670291507
118,praia,14.9215,-23.5087,21.3,68,75,2.57,CV,1670291507
119,new norfolk,-42.7826,147.0587,16.07,46,48,1.79,AU,1670291507
120,tirumullaivasal,11.2333,79.8333,25.52,75,87,4.78,IN,1670291508
121,barrow,71.2906,-156.7887,-2.99,74,40,11.32,US,1670291508
122,kapit,2.0167,112.9333,29.52,69,100,0.39,MY,1670291508
123,sumbe,-11.2061,13.8437,24.62,88,100,0.28,AO,1670291509
124,port elizabeth,-33.918,25.5701,16.16,87,20,4.63,ZA,1670291509
125,bethel,41.3712,-73.414,3.95,75,0,0.0,US,1670291512
126,richards bay,-28.783,32.0377,20.28,82,98,5.04,ZA,1670291513
127,copiapo,-27.3667,-70.3333,14.83,54,0,0.19,CL,1670291367
128,gushikawa,26.3544,127.8686,20.57,80,75,6.69,JP,1670291513
129,pundaguitan,6.3711,126.1689,27.41,78,96,4.32,PH,1670291513
130,ranfurly,-45.1333,170.1,8.64,86,100,2.95,NZ,1670291514
131,pangkalanbuun,-2.6833,111.6167,28.54,77,100,0.89,ID,1670291514
132,agadez,19.75,10.25,20.7,22,57,4.17,NE,1670291514
133,clinton,42.587,-82.9199,6.64,61,100,3.09,US,1670291515
134,bengkulu,-3.8004,102.2655,26.69,77,100,0.58,ID,1670291515
135,bonthe,7.5264,-12.505,25.71,85,40,0.8,SL,1670291515
136,samarai,-10.6167,150.6667,28.78,68,95,3.56,PG,1670291516
137,sibolga,1.7427,98.7792,26.94,74,100,0.23,ID,1670291516
138,klyuchi,52.2667,79.1667,-21.8,99,87,2.05,RU,1670291516
139,russell,32.3502,-85.1999,18.31,94,0,0.0,US,1670291517
140,srednekolymsk,67.45,153.6833,-32.66,98,100,1.65,RU,1670291517
141,zhanakorgan,43.9098,67.2495,-12.98,89,40,1.7,KZ,1670291520
142,arcachon,44.5875,-1.0519,8.03,76,0,2.57,FR,1670291521
143,yellowknife,62.456,-114.3525,-34.69,75,0,4.63,CA,1670291405
144,clyde river,70.4692,-68.5914,-8.87,100,100,1.03,CA,1670291521
145,thompson,55.7435,-97.8558,-31.91,75,0,2.06,CA,1670291458
146,buluang,13.3068,123.3425,29.58,59,98,1.26,PH,1670291522
147,iberia,29.9502,-91.7507,21.13,94,0,1.54,US,1670291522
148,thayetmyo,19.3167,95.1833,24.92,62,95,2.01,MM,1670291522
149,belaya gora,68.5333,146.4167,-40.81,96,36,0.45,RU,1670291523
150,bubaque,11.2833,-15.8333,26.73,72,9,4.14,GW,1670291523
151,aromashevo,56.8602,68.6375,-22.08,100,96,1.44,RU,1670291523
152,haines junction,60.7522,-137.5108,-21.03,77,67,0.51,CA,1670291524
153,kruisfontein,-34.0033,24.7314,13.82,81,100,3.65,ZA,1670291524
154,sidi ali,36.0998,0.4206,14.99,74,100,3.59,DZ,1670291524
155,yulara,-25.2406,130.9889,39.41,9,3,9.2,AU,1670291525
156,ambilobe,-13.2,49.05,22.99,87,3,1.15,MG,1670291525
157,malanje,-9.5402,16.341,16.21,98,64,1.34,AO,1670291528
158,kavieng,-2.5744,150.7967,28.77,69,68,0.47,PG,1670291529
159,tall kayf,37.0833,41.0667,9.94,72,11,1.5,TR,1670291532
160,rio gallegos,-51.6226,-69.2181,10.03,40,75,6.17,AR,1670291438
161,korla,41.7597,86.1469,-4.54,42,100,2.59,CN,1670291533
162,yakymivka,46.6897,35.1536,-1.27,74,77,7.29,UA,1670291533
163,georgetown,5.4112,100.3354,28.96,85,20,2.68,MY,1670291533
164,halifax,44.6453,-63.5724,2.0,78,50,2.06,CA,1670291359
165,cidreira,-30.1811,-50.2056,21.78,92,100,3.61,BR,1670291537
166,amapa,1.0,-52.0,22.09,96,97,0.42,BR,1670291255
167,cabo san lucas,22.8909,-109.9124,26.4,70,20,2.57,MX,1670291323
168,hay river,60.8156,-115.7999,-29.01,76,20,5.14,CA,1670291329
169,banting,2.8167,101.5,29.37,83,79,1.56,MY,1670291537
170,pacific grove,36.6177,-121.9166,13.06,86,0,2.68,US,1670291538
171,robertsport,6.7533,-11.3686,26.29,81,83,0.94,LR,1670291538
172,saint anthony,45.0205,-93.218,-4.03,60,100,5.14,US,1670291538
173,redlands,34.0556,-117.1825,13.53,69,75,4.63,US,1670291539
174,saryg-sep,51.5,95.6,-30.29,98,99,0.91,RU,1670291539
175,solnechnyy,50.7214,136.6319,-15.41,74,100,1.65,RU,1670291542
176,taoudenni,22.6783,-3.9836,25.19,21,1,2.33,ML,1670291543
177,saint george,37.1041,-113.5841,13.02,66,75,3.6,US,1670291543
178,okato,-39.2,173.8833,20.51,100,100,3.31,NZ,1670291543
179,souillac,-20.5167,57.5167,23.21,88,75,2.57,MU,1670291544
180,panguna,-6.3164,155.4848,21.91,94,100,1.99,PG,1670291544
181,whitehorse,60.7161,-135.0538,-14.57,85,100,1.54,CA,1670291473
182,torbay,47.6666,-52.7314,4.21,96,100,1.34,CA,1670291419
183,husavik,66.0449,-17.3389,0.1,82,100,3.78,IS,1670291545
184,stornoway,58.2093,-6.3865,4.98,79,100,5.14,GB,1670291545
185,tonantins,-2.8731,-67.8022,23.4,96,100,0.45,BR,1670291545
186,turayf,31.6725,38.6637,9.14,87,0,2.06,SA,1670291546
187,flin flon,54.7682,-101.865,-24.61,94,100,2.7,CA,1670291546
188,thinadhoo,0.5333,72.9333,27.3,74,81,3.49,MV,1670291546
189,dwarka,22.2394,68.9678,22.23,45,0,4.85,IN,1670291547
190,bari sadri,24.4167,74.4667,14.17,60,0,2.46,IN,1670291547
191,arraial do cabo,-22.9661,-42.0278,23.13,89,100,9.86,BR,1670291547
192,loukhi,66.0764,33.0381,-3.45,88,100,5.81,RU,1670291551
193,zeya,53.75,127.2667,-21.95,94,80,0.78,RU,1670291551
194,kokopo,-4.352,152.2633,28.77,67,100,1.94,PG,1670291551
195,ponta do sol,32.6667,-17.1,18.73,74,100,0.81,PT,1670291552
196,marawi,7.9986,124.2928,26.32,65,100,1.27,PH,1670291552
197,port keats,-14.25,129.55,32.41,58,59,5.0,AU,1670291552
198,vardo,70.3705,31.1107,-2.01,93,100,6.69,NO,1670291553
199,brokopondo,4.75,-55.1667,24.54,79,100,2.32,SR,1670291553
200,san quintin,30.4833,-115.95,15.61,75,0,7.43,MX,1670291553
201,vestmannaeyjar,63.4427,-20.2734,3.74,70,29,2.12,IS,1670291554
202,narsaq,60.9167,-46.05,-1.96,71,99,5.54,GL,1670291554
203,birobidzhan,48.8,132.95,-15.51,83,67,2.93,RU,1670291553
204,trincomalee,8.5711,81.2335,26.89,74,100,4.5,LK,1670291555
205,saskylakh,71.9167,114.0833,-24.13,97,100,9.22,RU,1670291555
206,sola,-13.8833,167.55,27.98,70,92,3.5,VU,1670291555
207,east london,-33.0153,27.9116,15.0,79,53,3.73,ZA,1670291559
208,bantry,51.6833,-9.45,8.21,86,100,6.57,IE,1670291559
209,saldanha,-33.0117,17.9442,13.03,82,23,5.03,ZA,1670291562
210,ahipara,-35.1667,173.1667,18.03,85,100,4.03,NZ,1670291563
211,villeta,5.0089,-74.4723,24.34,98,54,1.43,CO,1670291563
212,penarroya-pueblonuevo,38.3,-5.2667,10.22,91,99,0.86,ES,1670291563
213,clarence town,-32.5833,151.7833,24.78,57,92,3.26,AU,1670291567
214,verkhnyaya inta,65.9811,60.3094,-17.25,97,52,2.93,RU,1670291567
215,saquena,-4.6667,-73.5167,24.41,86,100,0.58,PE,1670291567
216,benguela,-12.5763,13.4055,25.53,79,100,1.79,AO,1670291568
217,springbok,-29.6643,17.8865,10.39,68,54,1.91,ZA,1670291568
218,mahon,39.8885,4.2658,12.31,100,0,2.57,ES,1670291568
219,ngorongoro,-3.2397,35.4875,10.58,89,100,1.48,TZ,1670291569
220,el grullo,19.8,-104.2167,20.8,90,18,1.3,MX,1670291569
221,iskateley,67.6803,53.1512,-13.91,93,99,6.06,RU,1670291572
222,mitchell,43.7094,-98.0298,-4.94,81,100,1.54,US,1670291417
223,balsas,-7.5325,-46.0356,24.28,76,56,0.75,BR,1670291573
224,pirgos,35.1167,25.7178,14.79,70,51,4.21,GR,1670291573
225,sao felix do xingu,-6.6447,-51.995,21.36,99,100,0.34,BR,1670291573
226,airai,-8.9266,125.4092,25.21,36,64,1.0,TL,1670291574
227,paamiut,61.994,-49.6678,3.28,80,100,14.97,GL,1670291574
228,nemuro,43.3236,145.575,-0.44,46,0,3.02,JP,1670291574
229,lagoa,39.05,-27.9833,16.0,77,100,11.62,PT,1670291575
230,hovd,48.0056,91.6419,-16.9,79,27,1.63,MN,1670291575
231,port hardy,50.6996,-127.4199,1.1,100,100,1.03,CA,1670291575
232,tulum,20.2167,-87.4667,23.06,81,6,2.84,MX,1670291576
233,suez,29.9737,32.5263,15.33,74,26,3.46,EG,1670291576
234,staryy nadym,65.6118,72.6842,-16.61,97,45,3.43,RU,1670291576
235,hasaki,35.7333,140.8333,7.38,86,100,9.51,JP,1670291577
236,hauterive,46.0901,3.4459,-1.58,92,0,0.69,FR,1670291577
237,salisbury,51.0693,-1.7957,6.12,89,100,5.14,GB,1670291580
238,takhtamygda,54.1,123.5667,-19.39,95,100,0.39,RU,1670291581
239,matay,28.419,30.7792,13.4,83,0,3.34,EG,1670291581
240,hambantota,6.1241,81.1185,23.19,100,20,1.03,LK,1670291581
241,linjiang,41.8069,126.9078,-6.84,57,3,2.68,CN,1670291582
242,esteli,13.0919,-86.3538,17.76,81,41,2.76,NI,1670291338
243,batagay-alyta,67.8006,130.4114,-27.85,98,100,0.99,RU,1670291582
244,bambanglipuro,-7.95,110.2833,28.1,74,100,0.25,ID,1670291583
245,reconquista,-29.15,-59.65,26.22,35,0,4.08,AR,1670291414
246,opuwo,-18.0607,13.84,18.9,37,1,1.69,NA,1670291584
247,nouadhibou,20.931,-17.0347,18.99,82,44,6.69,MR,1670291584
248,parksville,49.3163,-124.3195,3.8,97,100,0.51,CA,1670291485
249,kungurtug,50.5994,97.5228,-27.05,92,8,0.56,RU,1670291585
250,bathsheba,13.2167,-59.5167,23.36,94,20,3.09,BB,1670291585
251,visnes,59.3556,5.2242,2.9,93,20,4.12,NO,1670291589
252,lerwick,60.1545,-1.1494,4.0,66,95,10.78,GB,1670291589
253,yeppoon,-23.1333,150.7333,31.88,47,0,2.61,AU,1670291592
254,arlit,18.7369,7.3853,23.69,17,100,1.71,NE,1670291593
255,jalu,29.0331,21.5482,16.42,37,47,3.43,LY,1670291597
256,maniitsoq,65.4167,-52.9,1.7,86,100,11.17,GL,1670291597
257,bikaner,28.0167,73.3,12.89,32,0,1.3,IN,1670291598
258,buala,-8.145,159.5921,28.7,75,85,2.49,SB,1670291598
259,pevek,69.7008,170.3133,-24.59,83,100,1.3,RU,1670291602
260,teguise,29.0605,-13.564,15.12,88,0,3.6,ES,1670291603
261,mnogovershinnyy,53.9353,139.9242,-18.55,89,99,3.18,RU,1670291603
262,beloha,-25.1667,45.05,24.46,69,7,2.66,MG,1670291604
263,tessalit,20.1986,1.0114,24.06,16,96,4.27,ML,1670291605
264,vila velha,-20.3297,-40.2925,22.97,91,40,3.09,BR,1670291605
265,tupiza,-21.45,-65.7167,13.99,49,54,4.69,BO,1670291607
266,ngunguru,-35.6167,174.5,18.54,76,100,3.31,NZ,1670291610
267,port moresby,-9.4431,147.1797,31.68,58,40,5.14,PG,1670291536
268,vaxjo,56.8777,14.8091,0.03,100,100,3.09,SE,1670291611
269,acevedo,1.8361,-75.855,17.22,97,60,0.61,CO,1670291611
270,katobu,-4.9408,122.5276,30.09,64,100,1.54,ID,1670291612
271,ust-kuyga,70.0167,135.6,-39.06,100,99,0.89,RU,1670291612
272,sokolo,14.7328,-6.1219,27.74,23,95,4.47,ML,1670291612
273,rawson,-43.3002,-65.1023,20.7,46,23,3.58,AR,1670291613
274,sevsk,52.1491,34.4926,-6.92,61,100,4.09,RU,1670291613
275,menongue,-14.6585,17.691,17.32,90,97,1.18,AO,1670291613
276,harseni,45.75,25.0167,-0.41,78,98,1.35,RO,1670291614
277,ginda,30.6945,78.4932,7.46,14,98,2.99,IN,1670291614
278,kununurra,-15.7667,128.7333,33.99,62,40,2.57,AU,1670291614
279,luwuk,-0.9516,122.7875,29.8,59,100,2.74,ID,1670291615
280,mahdasht,35.7299,50.8111,3.12,100,100,2.06,IR,1670291615
281,petropavlovka,50.6114,105.3196,-17.13,79,100,2.54,RU,1670291615
282,de-kastri,51.4667,140.7833,-12.03,69,33,1.97,RU,1670291619
283,dawlatabad,36.4141,64.9053,-0.44,80,100,2.34,AF,1670291619
284,inirida,3.8653,-67.9239,23.55,93,76,0.83,CO,1670291619
285,doka,13.5167,35.7667,22.79,40,25,3.07,SD,1670291622
286,axos,40.7989,22.3558,10.66,89,98,0.39,GR,1670291623
287,aloleng,16.1307,119.7824,29.33,66,8,2.78,PH,1670291623
288,sambava,-14.2667,50.1667,23.13,87,14,4.23,MG,1670291624
289,san rafael,-34.6177,-68.3301,27.33,32,75,0.0,AR,1670291627
290,constitucion,-35.3333,-72.4167,13.27,80,0,3.98,CL,1670291457
291,mullingar,53.5333,-7.35,4.82,88,100,4.25,IE,1670291627
292,naze,28.3667,129.4833,16.51,65,95,7.59,JP,1670291627
293,buritis,-15.6178,-46.4233,20.85,94,100,1.31,BR,1670291628
294,peniche,39.3558,-9.3811,12.84,96,100,3.63,PT,1670291628
295,flinders,-34.5833,150.8552,20.7,64,68,4.76,AU,1670291628
296,koulikoro,14.0,-7.75,25.7,30,53,3.82,ML,1670291629
297,nishihara,26.1842,127.7558,20.6,79,75,8.75,JP,1670291629
298,tiksi,71.6872,128.8694,-26.09,94,100,5.08,RU,1670291632
299,cortes,41.9395,-1.4396,6.6,80,100,0.48,ES,1670291633
300,sohag,26.557,31.6948,15.16,66,0,5.23,EG,1670291633
301,necochea,-38.5473,-58.7368,25.52,44,14,9.64,AR,1670291633
302,high rock,26.6208,-78.2833,23.01,62,74,5.09,BS,1670291634
303,luan,46.3592,6.9759,-2.26,86,7,0.45,CH,1670291634
304,vigrestad,58.5667,5.7,2.55,82,100,4.48,NO,1670291634
305,selma,36.5708,-119.6121,13.85,76,0,2.57,US,1670291635
306,tighina,46.8306,29.4711,-2.57,80,100,3.96,MD,1670291635
307,grants pass,42.439,-123.3284,8.73,88,100,1.54,US,1670291345
308,saint-philippe,-21.3585,55.7679,23.77,85,98,4.63,RE,1670291636
309,aklavik,68.2191,-135.0107,-24.94,84,92,8.49,CA,1670291636
310,carutapera,-1.195,-46.02,25.71,83,90,3.21,BR,1670291636
311,diebougou,10.9667,-3.25,25.7,28,62,2.2,BF,1670291637
312,buta,2.7858,24.73,20.77,98,100,0.77,CD,1670291474
313,rocha,-34.4833,-54.3333,16.01,94,0,3.02,UY,1670291637
314,tucuman,-26.8241,-65.2226,28.0,47,0,3.09,AR,1670291641
315,jaisalmer,26.9147,70.9181,16.03,25,0,2.56,IN,1670291641
316,port lincoln,-34.7333,135.8667,18.71,59,98,4.4,AU,1670291641
317,latung,5.5,120.8833,27.45,77,100,3.83,PH,1670291642
318,sobradinho,-12.8333,-39.1,20.6,95,100,0.95,BR,1670291642
319,cabedelo,-6.9811,-34.8339,25.37,77,7,5.49,BR,1670291643
320,siavonga,-16.5382,28.7088,26.09,48,87,2.78,ZM,1670291644
321,yerbogachen,61.2767,108.0108,-12.67,91,100,4.43,RU,1670291645
322,maues,-3.3836,-57.7186,22.36,90,79,0.86,BR,1670291649
323,kuytun,54.3419,101.5036,-11.05,61,100,7.58,RU,1670291649
324,touros,-5.1989,-35.4608,25.84,73,0,5.8,BR,1670291653
325,bambous virieux,-20.3428,57.7575,23.14,88,75,2.57,MU,1670291653
326,hoganas,56.1997,12.558,2.79,71,100,1.34,SE,1670291399
327,cockburn town,21.4612,-71.1419,25.98,61,40,7.2,TC,1670291584
328,firminopolis,-16.5819,-50.305,20.34,88,99,1.49,BR,1670291658
329,kirakira,-10.4544,161.9205,29.66,69,100,3.07,SB,1670291658
330,san-pedro,4.7485,-6.6363,25.36,88,66,2.03,CI,1670291659
331,grindavik,63.8424,-22.4338,1.26,93,0,2.06,IS,1670291659
332,beringovskiy,63.05,179.3167,-2.78,70,75,10.63,RU,1670291662
333,mehamn,71.0357,27.8492,2.97,87,75,2.57,NO,1670291663
334,batie,9.8833,-2.9167,26.39,29,59,1.84,BF,1670291664
335,marsh harbour,26.5412,-77.0636,23.54,72,61,3.72,BS,1670291664
336,deputatskiy,69.3,139.9,-34.44,96,100,0.85,RU,1670291665
337,san juan,-31.5375,-68.5364,32.46,19,0,8.09,AR,1670291484
338,evensk,61.95,159.2333,-18.91,89,42,3.31,RU,1670291666
339,esperance,-33.8667,121.9,18.46,70,97,5.53,AU,1670291666
340,coquimbo,-29.9533,-71.3436,14.85,88,0,1.54,CL,1670291667
341,port hedland,-20.3167,118.5667,40.03,15,54,3.6,AU,1670291670
342,traralgon,-38.1833,146.5333,18.65,44,98,0.32,AU,1670291671
343,maraba,-5.3686,-49.1178,24.1,100,75,1.03,BR,1670291671
344,lavrentiya,65.5833,-171.0,-1.67,97,100,14.94,RU,1670291671
345,bilibino,68.0546,166.4372,-19.04,72,100,2.73,RU,1670291672
346,ballinrobe,53.6333,-9.2333,5.97,86,100,5.37,IE,1670291672
347,tecoanapa,16.5167,-98.75,25.74,76,0,2.26,MX,1670291672
348,casablanca,33.5928,-7.6192,16.01,87,26,4.85,MA,1670291673
349,dongsheng,39.8161,109.9776,-7.35,37,4,2.03,CN,1670291673
350,taitung,22.7583,121.1444,21.15,73,75,4.63,TW,1670291673
351,san diego,32.7153,-117.1573,15.18,74,75,5.66,US,1670291403
352,atbasar,51.8,68.3333,-25.77,96,78,1.84,KZ,1670291674
353,charagua,-19.8,-63.2167,23.66,36,67,0.52,BO,1670291674
354,alyangula,-13.8483,136.4192,31.1,52,12,4.83,AU,1670291674
355,hearst,49.6835,-83.6665,-16.86,91,100,3.22,CA,1670291675
356,samfya,-11.3649,29.5565,18.26,85,100,0.98,ZM,1670291675
357,olinda,-8.0089,-34.8553,26.85,74,75,2.57,BR,1670291678
358,kuandian,40.7286,124.7847,-6.18,50,1,1.78,CN,1670291679
359,walvis bay,-22.9575,14.5053,13.38,87,0,2.57,NA,1670291679
360,half moon bay,37.4636,-122.4286,12.95,86,75,3.09,US,1670291682
361,paramonga,-10.6667,-77.8333,19.07,86,96,3.25,PE,1670291683
362,langarud,37.197,50.1535,7.24,91,100,2.51,IR,1670291683
363,byron bay,-28.65,153.6167,33.73,44,0,2.83,AU,1670291683
364,tigil,57.8,158.6667,-8.25,92,100,6.14,RU,1670291687
365,bara,10.3744,10.7288,19.81,21,4,3.39,NG,1670291687
366,teeli,51.0333,90.2333,-28.85,92,14,0.08,RU,1670291687
367,bhadrapur,26.544,88.0944,18.31,56,0,0.77,NP,1670291688
368,altoona,40.5187,-78.3947,3.91,67,49,1.86,US,1670291655
369,plymouth,41.8334,-70.8328,8.17,79,87,2.45,US,1670291688
370,parys,48.8534,2.3488,3.41,93,100,2.06,FR,1670291514
371,quelimane,-17.8786,36.8883,25.97,88,20,3.6,MZ,1670291688
372,caborca,30.5838,-111.101,17.27,52,3,2.06,MX,1670291689
373,ayutla,20.1167,-104.3333,18.46,79,1,1.22,MX,1670291689
374,laguna,38.421,-121.4238,13.08,78,100,2.06,US,1670291675
375,ouahigouya,13.5828,-2.4216,26.18,22,88,4.1,BF,1670291692
376,constantine,36.365,6.6147,9.67,66,0,1.03,DZ,1670291693
377,rudnya,54.947,31.0934,-9.8,87,100,5.43,RU,1670291693
378,kopayhorod,48.8592,27.7969,-4.11,87,99,5.29,UA,1670291693
379,ajaccio,42.0,8.9167,8.03,82,0,3.09,FR,1670291694
380,kedrovyy,56.1667,91.8167,-15.63,92,100,3.9,RU,1670291694
381,manggar,-2.8833,108.2667,28.57,71,100,1.52,ID,1670291694
382,emerald,-23.5333,148.1667,32.41,39,0,2.27,AU,1670291695
383,ozernovskiy,51.5,156.5167,-3.13,73,100,11.67,RU,1670291695
384,anuchino,43.9622,133.0544,-7.25,51,1,4.11,RU,1670291695
385,danielskuil,-28.1887,23.5395,11.74,26,0,1.17,ZA,1670291696
386,isangel,-19.55,169.2667,33.06,70,84,2.57,VU,1670291696
387,maragogi,-9.0122,-35.2225,24.14,87,4,3.78,BR,1670291696
388,avera,33.194,-82.5271,11.88,99,100,3.13,US,1670291697
389,kahului,20.8947,-156.47,27.2,83,96,2.68,US,1670291697
390,north platte,41.1239,-100.7654,-2.16,65,100,2.68,US,1670291538
391,sur,22.5667,59.5289,21.98,63,0,1.41,OM,1670291674
392,cascavel,-24.9558,-53.4553,18.91,94,25,1.47,BR,1670291543
393,stromness,58.965,-3.296,4.98,66,100,11.59,GB,1670291701
394,varzea da palma,-17.5981,-44.7308,20.28,92,100,0.66,BR,1670291701
395,khanpur,28.6453,70.6567,13.98,31,0,0.97,PK,1670291701
396,vila do maio,15.1333,-23.2167,21.44,68,22,2.99,CV,1670291702
397,revin,49.9404,4.635,1.89,98,100,0.85,FR,1670291702
398,bindi,9.9167,-11.45,22.15,86,57,0.7,SL,1670291703
399,north bend,43.4065,-124.2243,8.95,94,100,0.0,US,1670291600
400,takoradi,4.8845,-1.7554,26.03,86,92,2.59,GH,1670291704
401,valdivia,-39.8142,-73.2459,16.05,99,100,0.78,CL,1670291705
402,camopi,3.1655,-52.3158,21.65,97,99,1.11,GF,1670291709
403,aguimes,27.9054,-15.4461,17.35,82,20,2.06,ES,1670291713
404,leningradskiy,69.3833,178.4167,-23.95,92,81,1.62,RU,1670291713
405,westport,41.1415,-73.3579,5.67,80,47,1.56,US,1670291605
406,lakes entrance,-37.8811,147.981,16.11,59,29,5.03,AU,1670291717
407,kutum,14.2,24.6667,14.08,30,0,5.44,SD,1670291718
408,nome,64.5011,-165.4064,-0.96,86,75,10.29,US,1670291533
409,terrace,54.5163,-128.6035,-10.05,67,0,3.09,CA,1670291483
410,kamakwie,9.5,-12.2333,23.99,83,39,0.54,SL,1670291719
411,araouane,18.9048,-3.5265,25.86,16,96,2.81,ML,1670291723
412,beisfjord,68.3751,17.5988,2.8,98,100,3.22,NO,1670291724
413,cap malheureux,-19.9842,57.6142,23.04,79,97,1.34,MU,1670291724
414,san cristobal,7.7669,-72.225,19.1,98,46,1.53,VE,1670291725
415,ambad,19.6167,75.8,19.14,57,4,2.33,IN,1670291725
416,coahuayana,18.7333,-103.6833,24.09,88,10,0.1,MX,1670291726
417,qandala,11.472,49.8728,23.18,72,17,2.06,SO,1670291726
418,okhotsk,59.3833,143.3,-26.37,77,99,4.02,RU,1670291731
419,sisimiut,66.9395,-53.6735,1.08,75,100,5.47,GL,1670291731
420,faanui,-16.4833,-151.75,26.64,76,25,7.37,PF,1670291731
421,haapiti,-17.5667,-149.8667,28.85,74,42,6.9,PF,1670291732
422,pokosnoye,55.5258,101.0536,-13.68,83,100,8.06,RU,1670291732
423,naberera,-4.2,36.9333,17.27,87,100,1.73,TZ,1670291732
424,corinto,37.9407,22.9573,12.72,84,96,0.34,GR,1670291733
425,itai,-23.4178,-49.0906,20.65,94,100,1.75,BR,1670291733
426,asau,46.4333,26.4,-1.49,98,100,1.33,RO,1670291734
427,nichinan,31.6,131.3667,10.82,63,2,2.62,JP,1670291734
428,tokur,53.1333,132.9,-20.95,90,100,3.14,RU,1670291734
429,ambon,-3.6954,128.1814,31.08,74,40,2.57,ID,1670291735
430,zhigansk,66.7697,123.3711,-33.95,100,94,2.48,RU,1670291735
431,caravelas,-17.7125,-39.2481,22.11,89,85,2.22,BR,1670291735
432,marrakesh,31.6315,-8.0083,13.04,76,40,2.06,MA,1670291526
433,dekar,-21.5333,21.9333,24.06,29,74,1.08,BW,1670291739
434,sept-iles,50.2001,-66.3821,2.24,78,100,4.63,CA,1670291739
435,pisco,-13.7,-76.2167,19.45,82,0,5.14,PE,1670291701
436,gigmoto,13.7796,124.39,28.16,68,95,3.02,PH,1670291742
437,los llanos de aridane,28.6585,-17.9182,16.86,84,0,2.68,ES,1670291743
438,berdigestyakh,62.0989,126.6992,-25.65,98,100,1.71,RU,1670291743
439,murygino,58.7383,49.4582,-14.51,86,100,2.29,RU,1670291743
440,ottawa,45.4112,-75.6981,5.37,56,100,2.57,CA,1670291550
441,olafsvik,64.8945,-23.7142,4.04,76,23,1.65,IS,1670291747
442,balaipungut,1.05,101.2833,26.68,84,100,0.76,ID,1670291747
443,lorena,-22.7308,-45.1247,19.95,97,100,2.1,BR,1670291747
444,kibaya,-5.3,36.5667,15.01,93,100,1.52,TZ,1670291748
445,severo-kurilsk,50.6789,156.125,-3.72,75,90,7.96,RU,1670291748
446,baruun-urt,46.6806,113.2792,-12.41,63,73,7.74,MN,1670291748
447,chalus,36.655,51.4204,6.7,93,75,1.03,IR,1670291749
448,abha,18.2164,42.5053,11.14,66,0,2.57,SA,1670291749
449,santana do paraiso,-19.3636,-42.5686,20.18,78,0,0.51,BR,1670291752
450,melioratorov,57.2107,65.6077,-16.79,85,100,2.0,RU,1670291753
451,talnakh,69.4865,88.3972,-3.77,96,100,3.96,RU,1670291668
452,buchanan,5.8808,-10.0467,25.19,88,100,1.72,LR,1670291753
453,anchorage,61.2181,-149.9003,-0.08,93,100,2.06,US,1670291494
454,atikokan,48.7555,-91.6216,-17.4,87,99,2.58,CA,1670291526
455,trapani,37.8333,12.6667,13.49,69,100,4.66,IT,1670291754
456,nhulunbuy,-12.2333,136.7667,32.34,55,40,4.63,AU,1670291754
457,belyy yar,53.6039,91.3903,-29.06,83,40,0.0,RU,1670291754
458,muros,42.7762,-9.0603,10.61,93,90,1.27,ES,1670291755
459,kayseri,38.737,35.4968,-1.99,93,40,0.51,TR,1670291755
460,ocampo,21.65,-101.5,13.01,23,4,2.32,MX,1670291755
461,bandarbeyla,9.4942,50.8122,24.2,73,65,7.87,SO,1670291756
462,harer,9.3094,42.1258,11.94,43,4,0.68,ET,1670291756
463,la oroya,-11.5189,-75.8994,6.58,76,98,1.41,PE,1670291756
464,prince rupert,54.3161,-130.3201,2.83,83,100,3.09,CA,1670291756
465,havre-saint-pierre,50.2334,-63.5986,2.0,80,40,6.69,CA,1670291757
466,oparino,59.8518,48.2783,-12.23,82,100,2.88,RU,1670291757
467,mahajanga,-15.7167,46.3167,24.01,94,20,1.54,MG,1670291760
468,fort-shevchenko,44.5086,50.263,-2.41,65,64,1.49,KZ,1670291761
469,gazli,40.1333,63.45,-7.75,55,6,1.56,UZ,1670291761
470,damghan,36.1683,54.348,-0.56,69,50,0.33,IR,1670291762
471,klaksvik,62.2266,-6.589,3.51,61,88,11.54,FO,1670291762
472,baikunthpur,23.25,82.55,13.53,53,0,1.12,IN,1670291763
473,maketu,-37.7667,176.45,23.8,50,100,6.4,NZ,1670291763
474,paita,-5.0892,-81.1144,19.22,86,11,6.05,PE,1670291764
475,ilanskiy,56.2358,96.065,-15.36,84,98,6.29,RU,1670291765
476,sampit,-2.5333,112.95,29.83,69,99,0.31,ID,1670291769
477,ufa,54.775,56.0375,-23.35,100,99,0.79,RU,1670291772
478,carballo,43.213,-8.691,11.61,88,100,1.42,ES,1670291773
479,camacha,33.0833,-16.3333,15.68,77,20,1.03,PT,1670291773
480,bull savanna,17.8868,-77.5902,22.71,75,0,5.15,JM,1670291778
481,hamilton,39.1834,-84.5333,7.27,89,100,2.24,US,1670291778
482,porto santo,33.072,-16.3415,17.21,77,20,1.03,PT,1670291779
483,kimbe,-5.5502,150.1429,29.58,74,82,1.16,PG,1670291782
484,puerto leguizamo,-0.1934,-74.7819,25.64,72,98,1.03,CO,1670291783
485,shadrinsk,56.0852,63.6335,-23.93,100,41,1.57,RU,1670291783
486,bairiki,1.3292,172.9752,30.0,79,75,5.14,KI,1670291784
487,mecca,21.4267,39.8261,23.12,77,1,1.39,SA,1670291526
488,areosa,41.7178,-8.8571,12.09,78,83,1.17,PT,1670291785
489,hofn,64.2539,-15.2082,1.44,69,68,3.93,IS,1670291657
490,along,28.1667,94.7667,16.05,54,31,0.46,IN,1670291785
491,chuy,-33.6971,-53.4616,17.61,94,0,2.82,UY,1670291731
492,takestan,36.0696,49.6959,0.07,77,99,1.85,IR,1670291786
493,la palma,33.8464,-118.0467,15.67,70,100,0.45,US,1670291787
494,farah,32.5,62.5,5.19,46,7,1.13,AF,1670291790
495,genhe,50.7833,121.5167,-15.79,93,100,2.45,CN,1670291791
496,nicoya,10.1483,-85.452,22.02,90,32,1.31,CR,1670291791
497,koroni,36.8,21.95,14.48,75,80,2.59,GR,1670291792
498,nizhniy odes,63.6445,54.856,-18.37,95,76,2.99,RU,1670291792
499,mokolo,10.7398,13.8019,20.58,21,61,2.23,CM,1670291792
500,kailua,21.4022,-157.7394,26.68,91,62,2.92,US,1670291793
501,song phi nong,14.2241,100.0209,23.11,79,100,4.49,TH,1670291793
502,port blair,11.6667,92.75,27.7,82,86,9.41,IN,1670291721
503,yaan,7.3833,8.5667,22.7,20,35,1.11,NG,1670291794
504,namatanai,-3.6667,152.4333,28.78,72,79,3.74,PG,1670291794
505,moree,-29.4667,149.85,31.98,23,2,7.94,AU,1670291794
506,basco,20.4487,121.9702,25.74,77,100,12.92,PH,1670291795
507,kohima,25.6667,94.1167,15.09,62,0,0.73,IN,1670291795
508,merrill,45.1805,-89.6835,-1.13,62,100,1.54,US,1670291608
509,turukhansk,65.8167,87.9833,-4.61,95,100,6.67,RU,1670291781
510,hvolsvollur,63.7533,-20.2243,-0.29,74,14,1.49,IS,1670291799
511,avigliano,40.7329,15.72,3.7,88,23,2.5,IT,1670291799
512,narayanpet,16.7333,77.5,18.89,51,83,2.39,IN,1670291802
513,palu,-0.8917,119.8707,30.12,73,95,0.67,ID,1670291761
514,hervey bay,-25.2986,152.8535,25.98,66,1,5.78,AU,1670291803
515,kharhial,20.2833,82.7667,16.58,65,85,0.4,IN,1670291803
516,kindersley,51.4668,-109.1682,-19.99,84,75,1.54,CA,1670291652
517,arrecife,28.963,-13.5477,16.99,88,0,3.6,ES,1670291807
518,vyazma,55.2104,34.2951,-9.32,87,100,3.83,RU,1670291807
519,kishi,9.0833,3.85,22.03,27,65,1.4,NG,1670291807
520,parabel,58.6978,81.4825,-17.42,96,100,3.02,RU,1670291808
521,awjilah,29.1081,21.2869,16.72,35,77,3.44,LY,1670291738
522,sakakah,29.9697,40.2064,14.76,65,12,3.51,SA,1670291801
523,jiaonan,35.8786,119.9753,4.44,35,0,1.73,CN,1670291808
524,shimoda,34.6667,138.95,10.2,86,100,2.65,JP,1670291808
525,mahibadhoo,3.7833,72.9667,26.73,74,99,2.01,MV,1670291809
526,erzin,36.9559,36.2,12.69,61,52,2.12,TR,1670291809
527,villacarrillo,38.1156,-3.0848,8.92,90,100,1.39,ES,1670291812
528,gunjur,13.2019,-16.7339,24.05,75,4,4.65,GM,1670291813
529,kaduy,59.2,37.15,-9.76,90,98,3.04,RU,1670291813
530,guerrero negro,27.9769,-114.0611,17.1,90,19,7.45,MX,1670291813
531,bourail,-21.5667,165.4833,26.78,79,100,1.57,NC,1670291814
532,mayo,38.8876,-76.5119,5.53,80,0,0.0,US,1670291814
533,natal,-5.795,-35.2094,26.36,73,40,5.66,BR,1670291814
534,tawang,27.5833,91.8667,6.21,45,1,0.92,IN,1670291815
535,merauke,-8.4667,140.3333,30.31,61,97,2.93,ID,1670291757
536,erenhot,43.6475,111.9767,-11.61,46,0,6.76,CN,1670291815
537,aleksandrovskoye,44.7142,43.0008,-6.31,95,100,7.14,RU,1670291815
538,makakilo city,21.3469,-158.0858,25.87,66,100,4.63,US,1670291816
539,george town,5.4112,100.3354,28.96,85,20,2.68,MY,1670291816
540,nanzhou,29.3596,112.4024,6.93,66,79,1.72,CN,1670291816
541,dubovskoye,47.4092,42.7575,-8.39,51,87,3.82,RU,1670291816
542,tieling,42.2931,123.8414,-6.17,44,0,5.59,CN,1670291817
543,xining,36.6167,101.7667,-2.65,44,85,0.36,CN,1670291817
544,la ronge,55.1001,-105.2842,-27.86,69,20,1.03,CA,1670291821
545,sarkand,45.41,79.9186,-8.55,92,100,1.07,KZ,1670291821
546,leshukonskoye,64.8989,45.7622,-10.68,94,100,4.34,RU,1670291821
547,namibe,-15.1961,12.1522,19.93,83,100,2.73,AO,1670291822
548,shelabolikha,53.4131,82.6167,-16.99,96,100,1.41,RU,1670291823
549,swidwin,53.7746,15.7767,2.3,100,100,2.24,PL,1670291823
550,comodoro rivadavia,-45.8667,-67.5,19.92,32,0,11.83,AR,1670291824
551,pontes e lacerda,-15.2261,-59.3353,21.87,97,100,1.16,BR,1670291790
552,kita,13.0349,-9.4895,25.32,47,94,1.46,ML,1670291825
553,mukhtolovo,55.4644,43.1953,-11.22,87,100,2.37,RU,1670291829
554,betsiamites,48.9413,-68.646,2.22,73,91,6.74,CA,1670291829
555,lithakia,37.7167,20.8333,15.67,81,98,4.63,GR,1670291832
556,manyana,-23.4,21.7167,20.12,18,11,2.6,BW,1670291833
557,albanel,48.8832,-72.4487,1.08,74,100,4.63,CA,1670291833
558,tual,-5.6667,132.75,28.29,70,94,3.6,ID,1670291837
559,lasa,46.6166,10.7002,-1.47,77,15,1.98,IT,1670291817
560,kaeo,-35.1,173.7833,18.25,84,100,2.78,NZ,1670291838
561,mali,12.079,-12.2982,15.28,88,95,0.89,GN,1670291839
562,tibagi,-24.5094,-50.4136,19.15,98,56,0.57,BR,1670291843
563,mana,5.6592,-53.7767,24.33,92,100,3.49,GF,1670291843
564,bhan,26.5583,67.7214,17.51,34,0,0.74,PK,1670291844
565,jizan,17.3333,42.6667,23.52,73,0,2.09,SA,1670291845
566,palestine,31.9216,35.2033,10.52,92,0,1.19,PS,1670291845
567,vikhorevka,56.1201,101.1636,-12.23,86,100,7.33,RU,1670291846
568,mwinilunga,-11.7358,24.4293,16.28,91,100,1.45,ZM,1670291846
569,kenora,49.8167,-94.4337,-22.35,77,75,1.54,CA,1670291730
